{
  "preload.js": 1762189135.2438512,
  "index.js": 1774460418.3386087,
  "vite.config.js": 1774443870.0,
  "scripts/get-ms365-users.ps1": 1774455020.0677934,
  "scripts/reset-mfa.ps1": 1774455035.4461544,
  "scripts/update-user.ps1": 1774455023.4748204,
  "scripts/delete-user.ps1": 1774458546.4039087,
  "scripts/update-user-licenses.ps1": 1774458661.1533492,
  "src/App.vue": 1774448482.0,
  "src/main.js": 1774443957.0,
  "src/components/LogConsole.vue": 1774448475.0,
  "src/components/AppSidebar.vue": 1774444084.0,
  "src/router/index.js": 1774444012.0,
  "src/stores/authStore.js": 1774444020.0,
  "src/stores/usersStore.js": 1774458720.8328466,
  "src/utils/licenseLabel.js": 1774459055.6301923,
  "src/views/CreateUsersView.vue": 1774457196.3853345,
  "src/views/DashboardView.vue": 1774459661.4513962,
  "src/views/UsersView.vue": 1774459160.6180074,
  "README.md": 1774460108.9810774,
  "project.md": 1774454787.9282537,
  "claude.md": 1774454793.6615531,
  "icon.png": 1762189135.243225,
  "ui.png": 1774460259.8223772
}